id;quantite;delete_at;created_by;created_date;last_modified_by;last_modified_date;entrepot_id;produit_id
4e7ae5f3-6110-496d-827f-ca35dbb8d037;30752;2024-03-30T03:38:54;triathlète pendant responsable;2024-03-30T06:19:23;pour que;2024-03-29T16:15:19;d8e85e5e-0c70-46d6-9076-47fd8d427fc2;9a60e7c0-e04f-46ef-981d-0049a25e92ac
6339127e-ae68-48d9-b757-ca68b11f1b4b;14889;2024-03-30T02:37:58;former désagréable;2024-03-29T17:56:55;membre de l’équipe quoique;2024-03-30T07:33:21;4dfe1351-e8b9-41fd-84b4-67e07109edaf;d6432a26-edab-466a-94e2-3924ab5417cd
8577b7e2-12d2-4323-98c3-e2b7243a9113;1740;2024-03-30T09:14:05;électorat accommoder entourer;2024-03-30T07:39:26;de sorte que;2024-03-30T03:18:57;77b861d7-fee8-4c55-b05c-e52539dbe294;ac480bc4-dbcc-4ec7-a341-4571b4e237c8
20470826-a6a0-40e9-9e20-ebf6c6bb599c;16134;2024-03-29T20:15:43;secours coin-coin;2024-03-30T15:10:49;tant prout;2024-03-30T09:18:28;91103f13-e5c3-4b7c-9b21-e8b66b007372;30ff0740-38f5-43a8-b5a5-509359e9ccc7
d1292353-1148-4d4d-aa9e-485e247ed0ca;26749;2024-03-30T08:37:24;sauf admettre;2024-03-29T16:17:51;en guise de fournir reposer;2024-03-30T05:47:32;9621283c-cfe8-4bbf-8482-4d2386d0a59f;c9f80a89-79ca-4ad4-b103-4c24c56e63b0
75a952ec-7794-4799-b62d-f32f0644cc27;20111;2024-03-29T21:08:04;à partir de;2024-03-30T14:02:53;proclamer équipe;2024-03-30T05:52:50;77f6b6ec-2c04-489e-bced-7046c26741f2;871919ad-f77d-43d8-a668-48ca07499a81
ac2f0382-e986-4c51-a031-47acf8d54f7d;19263;2024-03-30T01:29:38;en dedans de;2024-03-30T02:40:51;tôt finir sans que;2024-03-29T23:52:56;fa29451f-4260-40ad-8742-fc5282ec8840;4dd704a8-9d0b-4e13-9a74-0c113fb20866
38cb3f1e-2042-49d3-8937-d0eda77d4e19;8606;2024-03-29T21:13:23;trier;2024-03-29T19:26:55;diplomate;2024-03-29T21:47:31;713a5327-dcb8-4f62-a3ca-3347f89b7c59;58b2e2b0-91f7-45e9-92bc-82908591283a
a465aba7-e669-4f7d-892b-1eb7ef8d95a4;28659;2024-03-30T10:41:23;smack immense;2024-03-29T17:36:43;guide à cause de vu que;2024-03-29T23:48:05;686cad18-e308-4b81-be53-e3e16e38938b;db1cdc7a-6e45-4e93-bd7c-2a5ea0906c54
cd45ba6c-6c7a-45fe-b146-26dd246b444f;28568;2024-03-30T13:35:08;pourpre;2024-03-29T21:27:05;dring ouin accroître;2024-03-30T02:47:10;db6e4381-93c4-4119-999e-1ab76b89f757;d2426e77-21b2-4864-8f79-e8efba4c611f
